,Palabra
1,encubriéndosela
2,cautiverio:
3,desaguisado
4,"bisabuelos,"
5,estudiantado
6,"dondequiera,"
7,averiguado
8,persuasiones
9,dondequiera
10,"descuidado,"
11,sahumerio
12,"quitasoles,"
13,acudiendo
14,escrutiñador;
15,tresquilados?
16,quitasoles.
17,adondequiera
18,averiguarlo
19,continuamente
20,obsequias
21,importunarle
22,rigurosamente
23,acudieron
24,quebrantamientos
25,doquiera
26,cuadrillero
27,cuatrocientos
28,"cuadrillero,"
29,cuadrillero;
30,quebrantamiento
31,"desaguisado,"
32,desaguisado;
33,"comoquiera,"
34,"averiguallo,"
35,"quitándosela,"
36,"anduvieron,"
37,"averiguado,"
38,comoquiera
39,persuadiendo
40,sacudiendo
41,pañizuelo
42,guarnecido.
43,anduviéremos
44,desfigurado
45,guarnecidos
46,anduvieron
47,"persuasiones,"
48,"perroquia,"
49,adquiriendo
50,ocupaciones
51,apuntamiento
52,estudiado.
53,vapulamiento;
54,comunicalle
56,importunidades
57,persuadiéndome
58,comunicase
59,estatuido
60,mudamiento
61,persuadieron
62,"importunaciones,"
63,"importunidades,"
64,"cumpliéndosela,"
65,descuidado
66,descuidados
67,traduciendo;
68,cautiverio;
69,"descuidados,"
70,cautiverio
71,persuadiéndole
72,"cuadrilleros,"
73,cuadrilleros
74,cuadrilleros.
75,resucitando
76,secutoria
77,elocuencia
78,resucitado
79,disuadiendo
80,"eurialio,"
81,atribuyendo
82,conseguiría
83,"elocuencia,"
84,consecuencias.
85,atribuyeron
86,sanguinolenta
87,acudieron
88,escudriñando
89,cauterios;
90,propusieran
91,persuadido
92,acudiéronme
93,averiguarlo.
94,sacudiéndole
95,tresquilado;
96,aguileño;
97,autorice
98,estudiado
99,bienaventurado
100,"pronunciarle,"
101,inresolutas
102,elocuencia.
103,averiguo
104,escudriñador
105,sacudieron
106,mutaciones
107,"doquiera,"
108,resucitador
109,cautiverio.
110,desaguisado.
111,"equinocial,"
112,equinocial
113,sacudiéndose
114,guarniciones
115,importunaciones
116,"vapulamiento,"
117,¡abernuncio!
118,abernuncio.
119,-abrenuncio
120,vituperado
121,erutaciones;
122,comunidades.
123,"averiguaciones,"
124,estudiando
125,peliagudo.
126,suplicaciones
127,adoquiera
128,"apuntamiento,"
129,"ayuntamiento,"
130,doquiera
131,cuatrocientos.
132,profundidades
133,quitáronsela
134,"figueroa,"
135,cauterio
136,"esquinado,"
137,"persuadido,"
138,punzamiento
